stage,status,model_scope,external_solver_executed,eta,rho,ER_dB,captured_power,length_m,target_group_count,gate,artifact,claim_boundary
requirements_intake,pass,requirements,False,,,,,,,requirements_locked,Demo for user/2026-05-24_task_a_n4_lp21_like_camera_four_lobe/requirements/task_a_n4_lp21_like_camera_four_lobe_requirements.md,"target, geometry ranges, and relaxed fast-validation scope recorded"
scalar_proxy_locked_fd64,pass_reference_not_final_geometry,scalar FD/proxy,False,0.4708065552316369,1.0,296.7284250107265,0.4708065552316369,0.010549999999999999,,scalar_proxy_candidate_pass,Demo for user/2026-05-24_task_a_n4_lp21_like_camera_four_lobe/results/scalar_proxy_locked_fd64/lp21_scalar_proxy_manifest.json,scalar/proxy only; p35/rot45 reference differs from final p40/rot0 vector-selected row
lumerical_fde_vector_transfer,pass,Lumerical MODE FDE vector retained-basis transfer,True,0.44429351223294455,0.9999973039453107,55.692701315277816,0.4442947100757811,0.00669,4,Gate F basis+MMI pass,Demo for user/2026-05-24_task_a_n4_lp21_like_camera_four_lobe/results/lumerical_vector_transfer/lp21_p40_rot0_s100_w10_f26/results/designs/lumerical_vector_transfer_manifest.json,"retained-basis vector transfer, not physical splice/taper or experiment"
comsol_fde_vector_cross_check,pass,COMSOL Wave Optics FDE/vector retained-basis cross-check,True,0.3658270371178553,0.9997546178514238,36.100504539675754,0.36591682657496044,0.00613,4,Gate H pass,Demo for user/2026-05-24_task_a_n4_lp21_like_camera_four_lobe/results/comsol_cross_check/lp21_p40_rot0_s100_w10_f26/results/sweeps/comsol_lumerical_overlap_summary.csv,"COMSOL cross-section retained-basis check, not COMSOL propagation or experiment"
lumerical_eme_butt_interface,pass,Lumerical EME retained-basis ideal butt interface,True,0.9880147425807723,0.9999999999008968,100.0391267754172,0.9880147426786876,0.00613,4,EME retained-basis interface pass,Demo for user/2026-05-24_task_a_n4_lp21_like_camera_four_lobe/results/lumerical_eme_butt/lp21_p40_rot0_s100_w10_f26/results/sweeps/lumerical_eme_interface.csv,ideal retained-basis interface; not fabricated splice validation
lumerical_eme_realistic_screen,pass_current_status,Lumerical EME retained-basis taper/splice screen,True,0.9559811401853846,,,,0.00613,4,9/9 rows solved,Demo for user/2026-05-24_task_a_n4_lp21_like_camera_four_lobe/results/lumerical_eme_realistic/lp21_p40_rot0_s100_w10_f26/results/sweeps/lumerical_eme_realistic_taper_splice.csv,small retained-basis screen only; robustness/tolerance budget deferred
rsoft_reviewed_bpm_projection,pass_local_reviewed,RSoft BeamPROP BPM reviewed projection,True,0.5528232893947512,0.9925367812367074,21.23820437804853,0.5569801541318496,0.00613,4,Gate I pass under local Codex-reviewed convention,Demo for user/2026-05-24_task_a_n4_lp21_like_camera_four_lobe/results/rsoft_reviewed_projection/results/designs/rsoft_reviewed_projection_manifest.json,Local Codex-reviewed RSoft BPM projection evidence using existing BeamPROP launch_mask_file + vector=2 propagated fields and a reviewed overlap convention; not vendor-certified RSoft modal-amplitude semantics.
robustness_tolerance,deferred,robustness and tolerance,False,,,,,,,not part of current pass claim,,no Monte Carlo/fabrication tolerance pass claimed
experiment,not_run,experiment,False,,,,,,,not run,,no experimental validation claimed
